Timestamp,Result,Actual_Data,Actual_Size,Actual_Offset,Expected_Data,Expected_Size,Expected_Offset
305,MISMATCH,f7000000,1,3,000000d9,1,0
315,MISMATCH,f7000000,1,3,0000000b,1,0
815,MISMATCH,a8000000,1,3,000000f7,1,0
825,MISMATCH,a8000000,1,3,f7000000,1,3
1095,MISMATCH,51000000,1,3,a8000000,1,3
1105,MISMATCH,51000000,1,3,a8000000,1,3
1565,MISMATCH,e1000000,1,3,51000000,1,3
1575,MISMATCH,bf000000,1,3,51000000,1,3
1585,MISMATCH,e1000000,1,3,e1000000,3,3
2675,MISMATCH,00000d00,1,1,a4a4bf00,7,1
2775,MISMATCH,0000b500,1,1,f133b500,7,1
3365,MISMATCH,0000e700,1,1,abab1e00,7,1
4615,MISMATCH,00006400,1,1,ef00bb00,7,1
5205,MISMATCH,0000f900,1,1,05ca6400,7,1
5525,MISMATCH,0000b000,1,1,4af90000,7,1
5595,MISMATCH,00004e00,1,1,8e4e4400,7,1
6975,MISMATCH,00006000,1,1,001a4500,7,1
7485,MISMATCH,00009000,1,1,6000a900,7,1
7655,MISMATCH,0000ba00,1,1,c4900000,7,1
7895,MISMATCH,00000c00,1,1,00c8ba00,7,1
8675,MISMATCH,00007400,1,1,5e890c00,7,1
10045,MISMATCH,0000b800,1,1,d3d37400,7,1
10815,MISMATCH,00000f00,1,1,a8fba800,7,1
11195,MISMATCH,00009200,1,1,009f0f00,7,1
11525,MISMATCH,00006d00,1,1,6dacac00,7,1
11715,MISMATCH,00002a00,1,1,162a0000,7,1
12625,MISMATCH,0000cc00,1,1,f1495400,7,1
13245,MISMATCH,0000cd00,1,1,92cdcc00,7,1
13735,MISMATCH,0000e600,1,1,99c98000,7,1
14155,MISMATCH,0000fd00,1,1,e600c600,7,1
14665,MISMATCH,0000bc00,1,1,54d55400,7,1
14975,MISMATCH,00001b00,1,1,bc006e00,7,1
15415,MISMATCH,00003000,1,1,9b1a3000,7,1
15965,MISMATCH,00000e00,1,1,49873700,7,1
17405,MISMATCH,00008500,1,1,740e0e00,7,1
18855,MISMATCH,00005e00,1,1,06062600,7,1
19595,MISMATCH,00009900,1,1,83e9e900,7,1
20015,MISMATCH,0000f900,1,1,00b39900,7,1
20465,MISMATCH,00002100,1,1,21003c00,7,1
20705,MISMATCH,00001500,1,1,0a7b3200,7,1
21155,MISMATCH,00006900,1,1,458d1500,7,1
21655,MISMATCH,00007700,1,1,00306900,7,1
22335,MISMATCH,00001500,1,1,00f7ec00,7,1
22915,MISMATCH,0000b600,1,1,4f154f00,7,1
23695,MISMATCH,0000fc00,1,1,b6fa8200,7,1
24915,MISMATCH,0000be00,1,1,5d5dfc00,7,1
25345,MISMATCH,0000c100,1,1,b3be0000,7,1
26155,MISMATCH,00002f00,1,1,40407f00,7,1
27085,MISMATCH,0000a400,1,1,30969600,7,1
28135,MISMATCH,00002b00,1,1,e3a4e300,7,1
29405,MISMATCH,00001100,1,1,b1e0e000,7,1
29915,MISMATCH,0000b700,1,1,db11db00,7,1
30515,MISMATCH,0000ae00,1,1,2bfc2b00,7,1
30545,MISMATCH,0000ae00,1,1,0015ae00,7,1
30615,MISMATCH,0000cf00,1,1,b836cf00,7,1
31545,MISMATCH,0000fc00,1,1,20fc0000,7,1
32045,MISMATCH,00003300,1,1,e654e600,7,1
32435,MISMATCH,00009700,1,1,cb33cb00,7,1
32865,MISMATCH,00008e00,1,1,e6f19700,7,1
33395,MISMATCH,0000fd00,1,1,ad8e3f00,7,1
33635,MISMATCH,00001700,1,1,fd508400,7,1
34325,MISMATCH,0000db00,1,1,c3f11700,7,1
36145,MISMATCH,00004700,1,1,56d9d900,7,1
36415,MISMATCH,0000c500,1,1,accc4700,7,1
37405,MISMATCH,00004f00,1,1,a58bc500,7,1
38225,MISMATCH,00007e00,1,1,87e4a400,7,1
39665,MISMATCH,00001000,1,1,000c0c00,7,1
40395,MISMATCH,00001b00,1,1,10006c00,7,1
41325,MISMATCH,00000900,1,1,ce9cce00,7,1
41855,MISMATCH,00003a00,1,1,30300900,7,1
43085,MISMATCH,0000f200,1,1,a7898900,7,1
43985,MISMATCH,00009a00,1,1,5f5ff200,7,1
44005,MISMATCH,00001700,1,1,9a491700,7,1
44195,MISMATCH,0000ce00,1,1,18009100,7,1
45045,MISMATCH,00002100,1,1,0082a900,7,1
45475,MISMATCH,0000be00,1,1,e8be2100,7,1
46155,MISMATCH,00005200,1,1,0070dc00,7,1
46325,MISMATCH,00004500,1,1,99529900,7,1
47365,MISMATCH,0000ce00,1,1,e34b4b00,7,1
47895,MISMATCH,00006900,1,1,8769ce00,7,1
48785,MISMATCH,0000d600,1,1,57815700,7,1
49355,MISMATCH,0000bf00,1,1,b3d3d600,7,1
49385,MISMATCH,00007700,1,1,bf77ef00,7,1
50125,MISMATCH,00008c00,1,1,de59de00,7,1
50535,MISMATCH,0000f200,1,1,538c0000,7,1
50705,MISMATCH,00004100,1,1,58575900,7,1
51345,MISMATCH,00005e00,1,1,5e333300,7,1
52115,MISMATCH,0000eb00,1,1,21210000,7,1
52915,MISMATCH,0000bc00,1,1,4a606000,7,1
53305,MISMATCH,0000ee00,1,1,0038bc00,7,1
53765,MISMATCH,00003600,1,1,f9797900,7,1
53925,MISMATCH,00001300,1,1,f1363600,7,1
54945,MISMATCH,00006500,1,1,49323200,7,1
56165,MISMATCH,00008000,1,1,33ae8e00,7,1
